<?xml version="1.0" encoding="UTF-8"?>
<!DOCTYPE suite SYSTEM "http://testng.org/testng-1.0.dtd">
<suite name="suite 1" verbose="1">
	<listeners>
		<listener
			class-name="com.ril.Feedzai.Utility.RetryListenerClass" />
		<listener class-name="com.ril.Feedzai.Utility.ListnerImpl" />
	</listeners>
	<test name="Feedzai Automation1" preserve-order="true">
		<classes>

		  <class name="com.ril.feedzai.testScript.LoginPageTest" />
	  	   <class name="com.ril.feedzai.testScript.AlertPageTest" /> 
		 	   
		 	   
		     <class name="com.ril.feedzai.testScript.TransactionpageTest" />  
		     <class name="com.ril.feedzai.testScript.CustomerPageTest" />  
		   <class name="com.ril.feedzai.testScript.MerchantPageTest" /> 
		     <class name="com.ril.feedzai.testScript.AgentPageTest" /> 
		     <class name="com.ril.feedzai.testScript.SettingsPageTest" /> 
		    <class name="com.ril.feedzai.testScript.ReportPageTest" />  
		     <class name="com.ril.feedzai.testScript.AMSearchPageTest" />
		      <class name="com.ril.feedzai.testScript.HoldandReleasePageTest" />
		      <class name="com.ril.feedzai.testScript.JBP_AdvanceSearchPageTest" /> 	
             <class name="com.ril.feedzai.testScript.JPB_CustomerSearchPageTest" />  
              <class name="com.ril.feedzai.testScript.LMW_TranDetailsPageTest" />  
              <class name="com.ril.feedzai.testScript.MPP_TranDetailsPageTest"/> 
              <class name="com.ril.feedzai.testScript.IBW_TranDetailsPageTest"/>  
             <class name="com.ril.feedzai.testScript.P2M_TranDetailsPageTest"/>   
              <class name="com.ril.feedzai.testScript.BeneficiaryPan_ValidationPageTest"/> 
              <class name="com.ril.feedzai.testScript.FeedzaiPulseHomePageTest"/> 
		</classes>
	</test>
</suite> 
  
